feature_set,model,n_features,n,mae,rmse,r2,bias,fold_mae_mean,fold_mae_std,fold_rmse_mean,fold_rmse_std,fold_r2_mean,fold_r2_std
geometry,mean,897,72,5.28465606352651,6.26675450663813,-0.0025531849439668353,-0.0010387576811491507,5.286758013238376,0.34413604563211375,6.260243342937577,0.3159617267555009,-0.006740431103378431,0.006243140935729595
geometry,median,897,72,5.28194178475274,6.27311205836227,-0.004588374542843887,0.23088788986206055,5.284326311747233,0.37198812728353886,6.2657689902824005,0.3385658089180421,-0.008232914565574623,0.013073200019811253
geometry,linear,897,72,5.12973565191832,6.705687628476736,-0.14791226073780295,-0.020787828656242527,5.125385595777076,0.6767485814021538,6.687658040119122,0.5803929768677063,-0.1482644283468834,0.10506508763196795
geometry,ridge_cv,897,72,4.415185764964674,5.491030597450827,0.23028529357212524,0.06268530378256656,4.424510088190057,0.5985636369960995,5.443670480579437,0.8519983657135015,0.23189024938031616,0.1887750677483803
geometry,lasso_cv,897,72,3.8487304359210333,4.606523687047949,0.45828772789557337,0.170360660144498,3.856303293615619,0.34967993542373355,4.593292411334322,0.48900829683571917,0.45110127177429826,0.11780747577924298
geometry,elasticnet_cv,897,72,3.7041657983342082,4.479766353229507,0.48769005794911024,0.26434256860879324,3.7076022523359398,0.46999675279514996,4.440273743370375,0.6355201943116527,0.4841209241692367,0.1399154614548877
geometry,svr_rbf,897,72,4.6948830075141865,5.556967683733392,0.2116886140451969,0.5617778030266238,4.695717941950552,0.39748616551660165,5.542928361597747,0.4632112489360668,0.1988382556184305,0.17012941843994148
geometry,knn,897,72,4.795333445840678,5.903270167883549,0.11037418643138897,-0.32170647163528027,4.791720486830284,0.35463236789061175,5.866489245435172,0.597848124454647,0.1063434764997246,0.18235728070556
geometry,random_forest,897,72,3.9826170628384165,4.755706052166304,0.4226328593874368,0.023942894939532264,3.9882526088522203,0.34056732527198985,4.745601752655283,0.4518940068423128,0.41685592701616264,0.1017030033815056
geometry,extra_trees,897,72,3.685127779201225,4.54954774824547,0.4716052283169998,-0.054443714265470095,3.687231396738688,0.31837135916021675,4.541711140738369,0.37986171673227825,0.466926276948252,0.07899183842250469
geometry,gradient_boosting,897,72,4.069740684380612,4.869443953417267,0.3946858864901185,0.4273624986354328,4.077679048470505,0.5436890451430505,4.828820510193102,0.7268510429516075,0.3914137031455005,0.16417097561725877
geometry,hist_gradient_boosting,897,72,4.009748074629578,4.824870303834079,0.4057169489969513,-0.20079650327057763,4.0131434495906415,0.4178094394590383,4.796646934030923,0.5892067188517858,0.40582392658148725,0.10814653350085422
geometry,adaboost,897,72,3.9986715569140117,4.796060925373541,0.4127927083825351,-0.0712608288779602,4.009756887843346,0.42662951027251655,4.777640570844879,0.5636144987940449,0.40497499284442,0.1417500347879964
physics,mean,32,72,5.28465606352651,6.26675450663813,-0.0025531849439668353,-0.0010387576811491507,5.286758013238376,0.34413604563211375,6.260243342937577,0.3159617267555009,-0.006740431103378431,0.006243140935729595
physics,median,32,72,5.28194178475274,6.27311205836227,-0.004588374542843887,0.23088788986206055,5.284326311747233,0.37198812728353886,6.2657689902824005,0.3385658089180421,-0.008232914565574623,0.013073200019811253
physics,linear,32,72,10.469266743300993,15.626356243618984,-5.233579446610402,-0.8505426741836192,10.348159915658643,3.8135281546054682,14.215515397178972,6.02716598569438,-5.136551979392654,4.653340093231133
physics,ridge_cv,32,72,5.390839856183202,7.11832073273518,-0.29353195400064225,-0.434246182271375,5.372553776097763,1.4240239140272732,6.744740760522291,2.144811988158568,-0.2731803218443218,0.8656763369856832
physics,lasso_cv,32,72,5.191975994744932,6.867190176212406,-0.20387170257197496,-0.4238776393143819,5.17325942486086,1.1226913971593897,6.535328028117327,1.9698677537971923,-0.19210139156492284,0.7863664527408969
physics,elasticnet_cv,32,72,5.072062568717923,6.573516421163447,-0.10310679888085028,-0.28664285473952866,5.060677112817591,1.0891744568456898,6.331414544645168,1.6554194786815553,-0.09495977360865213,0.6109094364079174
physics,svr_rbf,32,72,4.67176902222106,5.688129084339459,0.17403633231009352,-0.3763422650460575,4.6661073008727385,0.568697373227252,5.645231982113533,0.7021570568164729,0.18017635155174055,0.132973956828816
physics,knn,32,72,4.564991102906104,5.641556396399398,0.1875064445547734,-0.2273705159546993,4.573071131257069,0.6140367103886845,5.602985691544445,0.7554331565352804,0.18547863160584316,0.1785969016895239
physics,random_forest,32,72,3.517638144891026,4.352009214609196,0.5164942207970384,-0.11236118645553124,3.517793245400859,0.3177886280262072,4.33579569605334,0.4246268424624948,0.5160138985167148,0.06403461128779143
physics,extra_trees,32,72,3.531581432564128,4.37167153405776,0.5121154060861552,-0.3781675498363622,3.526454824306202,0.4439680020267237,4.337536966727166,0.5891597618916847,0.5068276205675871,0.13486630338866823
physics,gradient_boosting,32,72,3.9145161380011495,4.793673629171689,0.41337714167815276,-0.22279445100067485,3.921905452427173,0.487011356711437,4.759179077200463,0.6802746779892646,0.4079756210948501,0.1494417153624651
physics,hist_gradient_boosting,32,72,3.699254148082998,4.645430625302414,0.44909842446381276,-0.0863548410337156,3.6937714447296734,0.5037632921062727,4.613050378388154,0.5439228580659538,0.44876586666310414,0.10661895965879956
physics,adaboost,32,72,3.42016000383452,4.286419449396832,0.530958369713943,-0.2122701498961901,3.420560944776342,0.4847340065387602,4.233438050575191,0.7191107580019775,0.5334921767309508,0.12665479562639237
aux,mean,159,72,5.28465606352651,6.26675450663813,-0.0025531849439668353,-0.0010387576811491507,5.286758013238376,0.34413604563211375,6.260243342937577,0.3159617267555009,-0.006740431103378431,0.006243140935729595
aux,median,159,72,5.28194178475274,6.27311205836227,-0.004588374542843887,0.23088788986206055,5.284326311747233,0.37198812728353886,6.2657689902824005,0.3385658089180421,-0.008232914565574623,0.013073200019811253
aux,linear,159,72,9.19302801182466,27.9350362408987,-18.921431169049185,3.6179625427509357,9.2754546921947,6.168881751964439,18.670938239291324,21.26152864178503,-21.30606232356717,41.33806699654344
aux,ridge_cv,159,72,5.564369500727654,15.053921768498258,-4.785239816554707,1.8457592877333435,5.6204324598735855,3.491461037896906,10.194662737919575,11.343573808807557,-5.4827405982783155,11.923714659438277
aux,lasso_cv,159,72,3.883430983705381,4.7131526523271114,0.43291903553264843,0.17793978181082204,3.8864660937406716,0.2926828252018167,4.696938498321489,0.507028237591914,0.42550425222493604,0.13074935671818438
aux,elasticnet_cv,159,72,5.229140003505187,13.715925526020817,-3.802554407888695,1.7478887205844933,5.279001488798061,3.1924845148780547,9.446821521364617,10.188457659752292,-4.372800916812606,9.786846841164087
aux,svr_rbf,159,72,4.1683670559952,5.028480319057027,0.35450101107300624,-0.13572301045753196,4.170921972760155,0.16695508260282366,5.029061810254065,0.31234205303388723,0.3447033733493103,0.09386602934879508
aux,knn,159,72,4.175807358571471,5.059418329529244,0.3465336380754621,-0.03406400219887942,4.189562700285855,0.46860335511892487,5.054657686855108,0.41865146006510967,0.3395017322489811,0.09493982044314184
aux,random_forest,159,72,3.8753367891638906,4.632744457282577,0.4521032210666154,-0.015828070173876736,3.8793405864972064,0.35497457743274324,4.622574868511717,0.44917373237857927,0.44907722647539516,0.07719636503963866
aux,extra_trees,159,72,3.7331344994716216,4.5361340971378326,0.4747164187023185,0.11886096859998228,3.7272746661107012,0.28028327352284577,4.524643390865459,0.32127291587544626,0.4730047795433894,0.0507895569618917
aux,gradient_boosting,159,72,3.8330449751586237,4.553888056714192,0.47059656091116964,-0.019602512877175196,3.8424313124478546,0.3951829644298585,4.527991177593292,0.6045904040101049,0.4614625793447088,0.14016450152834561
aux,hist_gradient_boosting,159,72,3.845045149023416,4.575643627819966,0.4655261746435069,-0.07982656792001525,3.8473626631086324,0.3343066338693775,4.566664080671517,0.3558035924903963,0.46045472040162994,0.07945511700489452
aux,adaboost,159,72,3.9005801754461893,4.585923745026134,0.463121867743173,-0.1108815443946239,3.906096322619846,0.31908891193552014,4.581034299310085,0.37586738163905736,0.4582102541000069,0.07288887901162198
combined,mean,1088,72,5.28465606352651,6.26675450663813,-0.0025531849439668353,-0.0010387576811491507,5.286758013238376,0.34413604563211375,6.260243342937577,0.3159617267555009,-0.006740431103378431,0.006243140935729595
combined,median,1088,72,5.28194178475274,6.27311205836227,-0.004588374542843887,0.23088788986206055,5.284326311747233,0.37198812728353886,6.2657689902824005,0.3385658089180421,-0.008232914565574623,0.013073200019811253
combined,linear,1088,72,5.112033402376245,6.579611274935578,-0.10515331129727934,0.46774629271089335,5.114311205308816,0.5508246036561102,6.527546581230676,0.9392286602644973,-0.1267808856957581,0.381563094443778
combined,ridge_cv,1088,72,4.261327517536777,5.399433409536172,0.25575069823350527,0.4618994173680492,4.27603389263497,0.6443187497408974,5.335146560434824,0.9811804588368274,0.2451801543222764,0.2749486673999329
combined,lasso_cv,1088,72,3.8427705679505917,4.686090273978491,0.439412566150828,0.2819425505200412,3.851832285895104,0.4855214655357528,4.659802937001447,0.6076382930849877,0.4341349140697547,0.14099925685250345
combined,elasticnet_cv,1088,72,3.5798319112148627,4.418421392572005,0.5016249148770522,0.31774642682500276,3.5877744691635867,0.49692145543594246,4.397063148506005,0.5439760951583508,0.4969989868545984,0.11255486238330102
combined,svr_rbf,1088,72,4.569892406658641,5.430185952504699,0.24724879253919518,0.535286734316701,4.5694539226794335,0.37859534824657043,5.420182015746226,0.3977950608285897,0.23615773250001232,0.1413661617427281
combined,knn,1088,72,4.989021307510441,6.20928484870991,0.015750452517451108,-0.5063039994306311,4.997760878815508,0.7942300741724736,6.140641809291224,1.0258858920855878,-0.011027045289425863,0.4140843499776027
combined,random_forest,1088,72,3.8265518496878994,4.623330224364468,0.45432772842156,0.04507544549076684,3.833522219385764,0.33872694978977813,4.612960782880776,0.4669702399547486,0.44784686762270703,0.1048318265857638
combined,extra_trees,1088,72,3.671891683421541,4.515418118162446,0.4795032770891222,-0.12212448935376541,3.672306701892302,0.17494981558873693,4.513083401233263,0.31085502621777944,0.47480200183788834,0.05748105206185677
combined,gradient_boosting,1088,72,3.8249477677261368,4.7834270547578255,0.4158822978702148,0.11979358133568802,3.832363351190307,0.46921304450925316,4.71960535195036,0.8738139589382067,0.40122359406088287,0.2555142751561955
combined,hist_gradient_boosting,1088,72,3.6774470843324343,4.484189803211175,0.48667781933248166,-0.09746626379060953,3.683518432969886,0.31346779493865085,4.4773491740728435,0.3371969210693061,0.48321607218576396,0.05630550363921463
combined,adaboost,1088,72,3.815746923364595,4.580208555244843,0.46445919850556594,-0.13194094591485606,3.822879568796852,0.26415778377671917,4.5752435520042924,0.39215740970673973,0.45784582730462187,0.08719609995211602
